gcc_compilation_time,gcc_program_time,bin_size,opt,iteration,grammar_name,data_structure,compiler
3.07852937798,141.29023404354,53393.0,-O0,8,ex8,array,gcc5
3.66441091244,54.1296163728,37353.0,-O1,8,ex8,array,gcc5
4.23883860954,36.676705659199996,37002.0,-O2,8,ex8,array,gcc5
4.956582857809999,23.469235437580004,52949.0,-O3,8,ex8,array,gcc5
3.9868272319,56.324378372450006,28950.0,-Os,8,ex8,array,gcc5
3.4476723659100004,84.36158400943002,37836.0,-Og,8,ex8,array,gcc5
3.25871354656,138.76467296417,53350.0,-O0,8,ex8,array,gcc7
3.965198482550001,52.97392360004002,38324.0,-O1,8,ex8,array,gcc7
4.57340031851,35.594802602650006,35702.0,-O2,8,ex8,array,gcc7
5.3285338619400004,24.994842662179998,53721.0,-O3,8,ex8,array,gcc7
4.32904878492,53.47882281397999,28511.0,-Os,8,ex8,array,gcc7
3.6967501409900003,62.06745369045001,38689.0,-Og,8,ex8,array,gcc7
3.15440617557,140.46661401282,53465.0,-O0,8,ex8,array,gcc9
3.95187682126,50.67836478679,36565.0,-O1,8,ex8,array,gcc9
4.690944384020002,34.404154119999994,36462.0,-O2,8,ex8,array,gcc9
5.145567451609999,21.425524503810003,43977.0,-O3,8,ex8,array,gcc9
4.41134754423,56.7298517124,28669.0,-Os,8,ex8,array,gcc9
3.6853334325200002,71.69363395449,38266.0,-Og,8,ex8,array,gcc9
3.33059735076,139.2766761439,53361.0,-O0,8,ex8,array,gcc11
4.243414703000001,51.479132951539995,36569.0,-O1,8,ex8,array,gcc11
5.02307963256,33.16665614136001,36475.0,-O2,8,ex8,array,gcc11
5.52722831975,22.119676314920007,44054.0,-O3,8,ex8,array,gcc11
4.727301998910001,52.3053311474,29192.0,-Os,8,ex8,array,gcc11
3.9549311640700004,64.30193441027001,38336.0,-Og,8,ex8,array,gcc11
3.6046893953400003,139.3950646511,53374.0,-O0,8,ex8,array,gcc13
4.64655427349,48.34293595786,36630.0,-O1,8,ex8,array,gcc13
5.733340966839999,30.997675474290002,40702.0,-O2,8,ex8,array,gcc13
6.16064601892,21.52530274184,45190.0,-O3,8,ex8,array,gcc13
5.1433675482200005,59.41342191587,28775.0,-Os,8,ex8,array,gcc13
4.14205036229,62.56669745304,38309.0,-Og,8,ex8,array,gcc13
4.052696014810001,130.68500581141996,53374.0,-O0,8,ex8,array,gcc14
5.21504486071,36.64734727807,36630.0,-O1,8,ex8,array,gcc14
6.48664967511,24.290964879260002,40926.0,-O2,8,ex8,array,gcc14
6.936953589290001,16.91849037696,45902.0,-O3,8,ex8,array,gcc14
5.6899302908400005,37.997698463169996,28852.0,-Os,8,ex8,array,gcc14
4.496002036349999,44.03327333,38309.0,-Og,8,ex8,array,gcc14
3.1472209799999997,2.00583614044,66930.0,-O0,8,ex8,sortedlist,gcc5
3.7383263058,1.71661711099,41143.0,-O1,8,ex8,sortedlist,gcc5
4.419057287049999,1.6002146331200002,42193.0,-O2,8,ex8,sortedlist,gcc5
4.53113492748,1.61110716757,42009.0,-O3,8,ex8,sortedlist,gcc5
4.08168295478,1.78029622709,32491.0,-Os,8,ex8,sortedlist,gcc5
3.37161614719,1.7303485640200003,38440.0,-Og,8,ex8,sortedlist,gcc5
3.3178260225100003,1.9761770122999998,66930.0,-O0,8,ex8,sortedlist,gcc7
4.030970173469999,1.7604509623500004,41310.0,-O1,8,ex8,sortedlist,gcc7
4.720787365199999,1.64241835061,41761.0,-O2,8,ex8,sortedlist,gcc7
4.7931357155,1.6218964136300003,41409.0,-O3,8,ex8,sortedlist,gcc7
4.4240075899099995,1.7669366561600004,31161.0,-Os,8,ex8,sortedlist,gcc7
3.6362055042800003,1.7203869784599999,39153.0,-Og,8,ex8,sortedlist,gcc7
3.26185826811,1.96221039938,67045.0,-O0,8,ex8,sortedlist,gcc9
4.1133592090299995,1.7249021651699998,39842.0,-O1,8,ex8,sortedlist,gcc9
4.959319073549999,1.6734331509500002,42153.0,-O2,8,ex8,sortedlist,gcc9
4.995544114580001,1.5851428393799998,42225.0,-O3,8,ex8,sortedlist,gcc9
4.5985083513500005,1.7551133055600001,31816.0,-Os,8,ex8,sortedlist,gcc9
3.6987157003299993,1.7676218498700003,38450.0,-Og,8,ex8,sortedlist,gcc9
3.5004529717899997,1.9239895301699999,67058.0,-O0,8,ex8,sortedlist,gcc11
4.385996689310001,1.64602113816,39905.0,-O1,8,ex8,sortedlist,gcc11
5.33481360095,1.66213509578,42550.0,-O2,8,ex8,sortedlist,gcc11
5.45216471825,1.4590481812800005,42306.0,-O3,8,ex8,sortedlist,gcc11
4.92788545607,1.7852924282500005,31433.0,-Os,8,ex8,sortedlist,gcc11
3.9303769945699996,1.77546549825,38534.0,-Og,8,ex8,sortedlist,gcc11
3.7278090513500004,1.9233115904200002,66954.0,-O0,8,ex8,sortedlist,gcc13
4.862092996380001,1.6871360758000005,39064.0,-O1,8,ex8,sortedlist,gcc13
5.950982659079999,1.6487724793900003,42678.0,-O2,8,ex8,sortedlist,gcc13
6.050772171219999,1.4342735627000003,42094.0,-O3,8,ex8,sortedlist,gcc13
5.47401609038,1.8095208051899998,31165.0,-Os,8,ex8,sortedlist,gcc13
4.2598922972899995,1.8172410609800003,38344.0,-Og,8,ex8,sortedlist,gcc13
3.9150722305500003,1.9088610534600001,66954.0,-O0,8,ex8,sortedlist,gcc14
5.10040614935,1.66846805423,39064.0,-O1,8,ex8,sortedlist,gcc14
6.314479824399998,1.59771216637,42662.0,-O2,8,ex8,sortedlist,gcc14
6.4524686212999995,1.5340806181900004,42190.0,-O3,8,ex8,sortedlist,gcc14
5.78944789763,1.8746169659599996,31242.0,-Os,8,ex8,sortedlist,gcc14
4.532069195619999,1.9915486159299995,38344.0,-Og,8,ex8,sortedlist,gcc14